Department,course_code,course_name,credits,distribution,prerequisites,overlap_with,syllabus
Electrical Engineering,EEL101,Basic Electrical Engineering,4,3-0-2,None,NA,DC and AC Circuits: Voltage and current sources; Dependent Sources; Kirchoff current and voltage laws; Star-Delta; Superposition; Thevenin and Norton Theorems. Telegen; Millman; Compensation; MPT Theorems. Phasor; Complex Impedance and Complex Power. Analysis of single-phase ac circuits in complex domain; Resonance. LTI System. Balanced Three-phase circuits in star and delta connections. 3 phase wattmeter; Energy meter. Transformers: Magnetic materials; BH characteristics; ideal and practical transformer; equivalent circuit; losses in transformers; regulation and efficiency. Auto-transformer and three-phase transformer connections. Electrical Machines: Generation of rotating magnetic fields; Construction and working of a three-phase induction motor; Significance of torque-slip characteristic. Loss components and efficiency; starting and speed control of induction motor. Single Phase Induction Motor. Construction; working; torque-speed characteristic and speed control of separately excited and self-excited dc motor. Stepper motors and encoders. Electrical Installations: Components of LT Switchgear: Switch Fuse Unit (SFU); MCB; ELCB; MCCB; Types of Wires and Cables; Earthing. Types of Batteries; Important Characteristics for Batteries. Elementary calculations for energy consumption; power factor improvement and battery backup. List of Experiments: Basic safety precautions. Introduction and use of measuring instruments – voltmeter; ammeter; multi-meter; oscilloscope. Characteristics of practical resistors; capacitors and inductors; Impedance calculation in RL; RC and RLC Circuit. Voltage and Current Phasor; Signal parameters; Resonance in RLC. Non sinusoidal Signals; Transformers: Observation of the no-load current waveform on an oscilloscope (non-sinusoidal wave-shape due to B-H curve nonlinearity should be shown along with a discussion about harmonics). Loading of a transformer: measurement of primary and secondary voltages and currents; and power; Three-phase transformers: Star and Delta connections. Voltage and Current relationships (line-line voltage; phase-to-neutral voltage; line and phase currents). Phase-shifts between the primary and secondary side. Cumulative three-phase power in balanced three-phase circuits; Demonstration of cut-out sections of machines: dc machine (commutator-brush arrangement); induction machine (squirrel cage rotor); and single-phase induction machine.
Electrical Engineering,EEL201,Circuits and Systems,4,3-1-0,EEL101,EEL205 (5%),Analog Signals: Introduction to Signals – Fourier Series (Trigonometric and Exponential) – Fourier Transform – Reconstruction of Signals – Symmetry; Laplace Transform: Origin of LT – Fundamental Formula – Laplace Transform of Signals – Application on Circuit Analysis – Inverse LT – Initial Condition; Time Response: LTI System – Transfer Function – Pole and Zeroes – First and Second Order System – Time Response Parameters – Steady State – Final Value Theorem; Two Port Network: Definitions – Types (Z; Y; ABCD; Inv. ABCD; g; h) and Parameters – Interconnection – Interconversion; Circuit Synthesis : Nullator and Norator – Foster I and II – Coyer I and II; Filters: Introduction – Types (LP; HP; BP; BR and AP) – Transfer Functions (First and Second Order) – Butterworth Filter – Chebyshev and Inverse Chebyshev Filter – Elliptical Filter (Brief idea) – Passive Realization – Active Realization – Twin T Notch – PSpice Simulations.
Electrical Engineering,EEL202,Analog Circuits,4,3-1-0,EEL101 and ECL101,ECL101 (10%),Introduction to Analog Electronics; MOS and BJT transistors; Diode circuits; MOSFET amplifiers – amplifier design; small signal analysis; current sources/mirrors; BJT circuits; Differential amplifiers; Multi-stage amplifiers; OP-AMPs; OP-AMP circuits; Frequency response of amplifiers; Power amplifiers; Oscillators; Voltage regulators.
Electrical Engineering,EEL203,Digital Circuits,2,2-0-0,ECL101,NA,Introduction to digital systems – logic families; Combinational Circuits – Logic gates; Boolean Algebra; gate-level minimization; Circuit design and implementation; Adders; Comparators; Multiplexers; Decoders/encoders; Applications; Data storage elements – Latches; Flip-Flops; Registers; Memory; Sequential Circuits – State tables and diagrams; State representation in HDLs; Timing in sequential circuits; Shift register; Counters.
Electrical Engineering,EEL204,Engineering Electromagnetics,3,3-0-0,None,PHL101 (10%) and EEL101 (10%),General field properties; Review of vector calculus and coordinate systems; static electric fields; static magnetic fields; Biot-Savart and Ampere’s laws; Boundary value problems and method of images; Magnetic vector potential; Materials: dielectric and magnetic materials; their properties; capacitance and inductance; applications; Transformers and electrical machines; Time-varying fields and Maxwell’s equations in differential; integral and phasor forms. Wave equation; Transmission lines; Smith Charts; Impedance matching; Waveguides and Antennas (12 lectures).
Electrical Engineering,EEL205,Control Systems,4,3-1-0,EEL201,EEL201 (2%),Introduction: Open loop and Closed loop – Feedback and Feed forward – Block Diagram – Noise and Disturbance – Transfer Function – Order; Type; Pole and Zero; Modelling: Physical System Dynamics– Block Diagram Reduction – Mason’s Gain Formula – Analogous System; Time Response: First and Second Order Transient – Steady States – Impulse; Step and Ramp Response – Performance Indices – Effect of Zero – MATLAB simulation; Stability: BIBO stability – Asymptotic Stability – RH Criteria – Root Locus – Root Contour; Frequency Response: Frequency Response – Resonant Peak of Second Order System – Polar Plots – Bode Plots – Nyquist Plots – Principle of Augmentation – Relative Stability – GM; PM; GCF; PCF – Non-minimal Phase System – Transportation Lag; Compensators : Lead – Lag – Lead Lag – Design using Time Response Analysis – Simulation – PID Controller; State Space Control – State Variables – Uniqueness – Transfer Function – Transformation Matrix – Eigen Values – Minimal Representations – Generalized Eigen Vector – State Transition Matrix – Controllability – Observability – State Feedback Control - State Observer – MATLAB Simulation.
Electrical Engineering,EEL206,Electrical Machines-I,3,3-0-0,EEL101,NA,Introduction: principle of Electromechanical Energy Conversion; DC circuits; and single phase and three phase AC circuits; magnetic circuits; Transformers: Introduction; Amp-Turn balance; Ideal and Practical Transformers; Equivalent circuit and reduction of leakage; Open circuit and short circuit tests; Determination of equivalent parameters; voltage regulation and efficiency; per unit notation of transformer; Introduction to Three phase and Auto transformers; DC Machines: Principle of operation and construction features of DC machines; EMF and torque equations; generator operation; type of DC machines; characteristics for DC motor and DC generators; Armature reactions; starting and braking operations; commutations; speed control of DC machines. Single phase Induction Machines: Introduction; principle of operation; Double revolving theory; equivalent circuit; method of starting; split phase induction motor (IM); shaded pole IM; repulsion motor; universal motor and series motor.
Electrical Engineering,EEL207,Power System Analysis,3,3-0-0,EEL101; EEL201,NA,Power Systems Evolution of Power Systems; Energy Sources Structure of Bulk Power Systems Basic three phase system concepts Power System Components: Generators; Loads; Transformers; Transmission Lines etc.; Modeling of Short; Medium; and Long Transmission Lines; Solution of steady state equations for interconnected systems: Balanced and Unbalanced systems. Positive Sequence Network; Per Unit System; Y-bus formation Simple example of a load flow solution; Introduction to generator swing equations and stability issues; Simple Example of Loss of synchronism Interconnected System Operation and Control: Operational Objectives; Frequency Control; Voltage Control and Power Flow Control: Analysis of Faulted Power Systems and Protection: Unbalanced System Analysis using Sequence Components.
Electrical Engineering,EEL208,Sensor and Instrumentation,3,3-0-0,EEL101,EEL603 (25%),Introduction: Sensors and Transducers – Basic Block Diagrams – Sensor Parameters (Range; Accuracy; Precision; Nonlinearity; Sensitivity) – Statistical Components – Errors – Noise and Signals; Thermal Sensors: RTD – Thermistor – Thermocouple – PTC Semiconductor sensors – Resistance Bridges – Linearizing Circuit – Amplifiers – Cold Junction Compensation – Numericals; Motion Sensors: LVDT – Induction Bridges – Level Sensors – Capacitance Bridges – Push-Pull Arrangements – Diaphram – Tachogen – Wein Bridge – Accelerometer – Hall Effect Sensors; Force Sensors: Strain Gauge – Bridge Circuits and Gauge Position – Cantilever and Load Cell – Piezoelectric – Charge Amplifier – Bourdon Gauge; Flow Sensors: Flow Types – Reynold’s Number – Bernoulli Theorem and Continuity Theorem – Pitot Tube – Orifice Plate– Permanent Pressure loss – Venturimeter – Ultrasonic Flowmeter – Optical Flowmeter – Vortex Flowmeter – Turbine Flowmeter; Chemical Sensors: Moisture Sensors – Gas Chromatography – Voltametry (CV and DPV) – Dopanin Sensor – pH Sensor; Signal Conditioning Circuit : Filters and Instrumentation Amplifiers – CMRR – GBP – ADC– Resolution of a meter – LoD; Data Analysis – Regression Model – Calibration and Standards – Inverse Function – Python Programming – LCD Display – Online Data Transmission.
Electrical Engineering,EEP209,Devices and Circuits Lab,1.5,0-0-3,ECL101; EEL101; and EEL202,NA,MOSFET - Determination of equivalent Model by AC small signal analysis; Op Amp - Open and closed loop characterization; Bode plots; Realization of Inverting and non-inverting amplifiers; Mathematical operation with Op amps - summing; differentiating; log and antilog amplifiers; integrator and differentiator; RC and RLC circuits - C-V characterization; time and frequency response; resonance; Twin-T network - Determine of two port parameters (Z; Y; ABCD and hybrid parameters) study on filtering action of Twin T; Signal generators and Multivibrators-Sine; Square and Triangular wave generator; Design of Active filters: Sallen-key and State variable filters; Gyrator circuits: Op amp-based inductor realization and negative resistors; Evaluation.
Electrical Engineering,EEP210,Digital Electronics Lab,1.5,0-0-3,ECL101; EEL203,NA,To make hands-free with FPGA Board (Spartan 6) using Xilinx 14.7. When the push button is pressed; led turns ON and otherwise; it remains OFF; Write a Verilog code (Behavioural) to implement A + B. Assume that A and B are 4 Bit Binary numbers. Simulate and implement in hardware. And Write a Verilog code (Behavioural) to implement A - B. Assume that A and B are 4 Bit Binary numbers and A >= B. Simulate and implement in hardware; Verilog code to implement sector blocks and control line simulation and hardware design over the FPGA board; Verilog code to implement BCD to 7 sevensegment display interface circuit; Implement up counter (0-9) display the result in 7 segment display. Use a slow clock so that manually the output can be visualized; Verilog code to implement Johnson Counter on the FPGA board; Verilog code to Switch de-bouncing and state machines.
Electrical Engineering,EEL301,Electrical Machines-II,2,2-0-0,EEL206,EEL101 (5%),Three Phase Induction Machines: Introduction; construction; principle of operation; types of threephase induction motors; rotating magnetic field; emf equation of an AC Machine; effect of slip; torque developed in an induction motor; equivalent circuit model; torque-speed characteristics; cogging and crawling starting & its speed control. Synchronous Machines: Construction; principle of operation of synchronous machine; A.C armature windings; equivalent circuit; phasor diagrams; voltage regulation; parallel operation; synchronization; Power Angle characteristics; effect of field excitation change; Synchronous Motor; principle; starting; hunting; damper windings.
Electrical Engineering,EEL302,Digital Control,4,3-1-0,EEL205,EEL601 (30%),Discrete System: Discrete Time System and Signal – Difference Equation – Z-Transform – Inverse Z Transfor – Discrete Transfer Function – FIR and IIR Filters (Butterworth; Chebyshev); Discretization: Sampling – Reconstruction – Nyquist Frequency – Aliasing – Frequency Response (DFT) – Sample and Hold Operation – Ideal Sampler – Step and Impulse Invariance – Rectilinear Method – Bilinear Method – Warping; Discrete System Stability: System Modelling – Solution of Difference Equation – Convolution Sum – Stability – Location of Poles – Jury’s Criteria – Stability Analysis through bilinear transform – MATLAB Simulation ; State Model: Minimal Realization – State Transition Matrix – Controllability and Observability – State Feed Back Controller – State Observer – MIMO system; Digital Controller: Dead time modelling – Tuneable PID Control – Digital temperature Control – Stepper Motor Control – PLC – Dead beat control by SFC and deadbeat observers; Fuzzy Control – Fuzzy quantification of knowledge – fuzzy inference – fuzzy controller – GA.
Electrical Engineering,EEL303,Power Electronics,3,3-0-0,EEL201 and EEL202,NA,Introduction and motivation: History of power electronics: applications in Renewable energy- Electric vehicles- industrial drives- SMPS; Power semiconductor devices: Diode- Thyristor- Triac- GTOMOSFET- IGBT-Materials (Silicon; Silicon Carbide; Gallium Nitride); Controlled and Uncontrolled Rectifiers; 3 phase rectifiers; DC to DC conversion: Buck- Boost- Buck-Boost converters; Single phase and three phase inverters; pulse width modulation techniques.
Electrical Engineering,EEP304,Sensor Lab,1.5,0-0-3,EEL208,EEP502 (40%),Physical Sensor I: Temperature Sensors – Cold junction compensation for thermocouple – linearization of thermistor using bridge circuits; Physical Sensor II: Capacitive and Inductive Sensors– LVDT; Level sensor – Sensor Parameters; Physical Sensor III: Motion sensors– Velocity and Acceleration sensors – flow sensors; Physical Sensor IV: Load cell – 1; 2; 4 bridge strain gauges; Piezoelectric– charge amplifiers; Biomedical Instrumentation: ECG signal processing– Notch Filters– FFT and Digital Filters; Chemical Sensors: Water Quality Monitor – pH – TDS – Conductivity – Urea sensors; Image Processing: Image smoothing – Edge Detection – region-based segmentation – Object Identification; Evaluation.
Electrical Engineering,EEP305,Power System Lab,1.5,0-0-3,EEL207,NA,Familiarization with PSCAD/EMTDC and Understanding of Reactive Power and Power Factor Correction in AC Circuits; Obtaining Parameters of a 345 kV Transmission Line and Modeling it in PSCAD/EMTDC; Bus Admittance Matrix Formulation in PowerWorld; Power Flow of IEEE 9 Bus System using MATLAB and PowerWorld; Including Transformers in Power Flow using PowerWorld and Confirmation by MATLAB; Synchronous Generators: To obtain the effect of sudden short-circuit on a synchronous generator; Transmission Line Short Circuit Faults using MATLAB and PowerWorld; and Overloading of Transmission Lines using PowerWorld.
Electrical Engineering,EEP306,Machines Lab,1.5,0-0-3,EEL206; EEL301,NA,To Study open circuit and short circuit tests of single-phase transformer; To Study Polarity and Sumpner's test of a transformer; To Study Speed control of a DC shunt motor; To Study V; and inverted V curves of synchronous motor; To Study No load test and blocked rotor tests of a 3-phase induction motor; Determination of the open circuit characteristics of a 3-phase Synchronous generator; Determination of the open circuit characteristics of a DC shunt generator.
Electrical Engineering,EEP307,Instrumentation Lab,1.5,0-0-3,EEL208,EEP502 (20%),Design of Autocar: Line following – Obstacle Avoidance – Motion Change; Point of Care Health Monitor: Artificial Body Fluids – Disposable Sensor Fabrication – Experimentation – Data Analysis – App Development; Environment Monitoring: Soil Moisture Sensor – NKT Sensors – Parameter Adjustment – Remote Sensing; Computer vision: Face; Facial Expression Recognition – Image Fusion – Gesture Recognition.
Electrical Engineering,EEP308,Control Lab,1.5,0-0-3,EEL205,EEP501 (35%),Time response and Frequency Response: Transients – Parameters – Stability Margins; Control of DC motor: Motor Model – Control Algorithm – Speed Control – Position Control; Electronic Compensator: Analogous System – Transient Study – Compensator Design; PLC: Basic Instruction – Sequencing – Case Studies; Dynamic stability control of cart pendulum system and Maglev; Digital Control: State Feedback – State Observer; Evaluation.
Electrical Engineering,EEP309,Power Electronics Lab,1.5,0-0-3,EEL201; EEL207; and EEL303,EEP521 (35%),Study the device characteristics; Gate or Base drive triggering circuit; Study various SCR commutation circuits; Single phase controlled and uncontrolled rectifier; Three phase controlled and uncontrolled rectifier; Study of DC-DC convertors; Study of Flyback convertors; Speed Control of DC Motor; Study of 3 phase inverter.
Electrical Engineering,EEP501,Control System Lab,1.5,0-0-3,None,EEP308 (28%),Modelling of PMDC motor: Modelling – identification – Disturbance observer; Speed and Position control of PMDC motor: Ziegler-Nichols tuning; Close loop control of power converter: PID tuning using GA; PSO and MA based optimization; Emulation flight dynamics of aerial vehicles: Course and Elevation; Loop closure control of aerial vehicles: Design and MATLAB simulation; Non-linear Control of Two tank system; Dynamic stability control of cart pendulum system; Study on Maglev; Digital state feedback control for PMDC motor; Evaluation.
Electrical Engineering,EEP502,Instrumentation Lab,1.5,0-0-3,None,EEP304 (40%); EEP307 (14%),Physical Sensor I: Temperature Sensors – Cold junction compensation for thermocouple – linearization of thermistor using bridge circuits; Physical Sensor II: Capacitive and Inductive Sensors– LVDT; Level sensor– Study on linearity; gain error and offset error; hysteresis; calibration and sensitivity; Physical Sensor III: Motion sensors– Velocity and Acceleration sensors; Physical Sensor IV: Load cell – 1; 2; 4 bridge strain gauges; Piezoelectric– charge amplifiers; Signal conditioning circuits: Oscillators– IA– Filters; Biomedical Instrumentation: ECG signal processing– Notch Filters– FFT and Digital Filters; Chemical Sensors: Glucose sensors– Selectivity; Data analysis and Machine Learning; Robot Car movement: Proximity sensors – Track identification; Image Processing: Image smoothing – Edge Detection – region-based segmentation – Object Identification; Computer vision: Face; Facial Expression Recognition – Image Fusion – Gesture Recognition.
Electrical Engineering,EEL509,Power Electronics,3,3-0-0,EEL20X; EEL15X,EE509,Power semiconductor devices: Diode- Thyristor- Triac- GTO- MOSFET- IGBT- Materials (Silicon; Silicon Carbide; Gallium Nitride); Controlled and Uncontrolled Rectifiers; 3 phase rectifiers; DC to DC conversion: Buck- Boost converters. Single phase and three phase inverters. Pulse width modulation techniques. Group Project Presentations.
Electrical Engineering,EEL521,Renewable and Distributed Energy Systems,3,3-0-0,EEL303,NA,Introduction to Energy Resources: Introduction to Energy sector and Energy economics; Energy for sustainable development; Review of Renewable and Non-renewable Energy sources. Wind Energy Conversion System: Modeling of wind resource; aerodynamic characteristics; wind energy generators steady-state and dynamic modeling; electrical and pitch controller design; effect of induction generators on grid operation. Solar Energy Conversion System: Solar Photovoltaic systems steady state and dynamic modeling; MPPT operation; power electronic systems for solar PV Distributed Generation; power converter topologies for grid interconnection; inverter modelling; control of grid interactive power converters; synchronization and phase locking techniques; current control; and recent trends in DG interconnection. Microgrid – Introduction. Introduction to Fuel Cell and Hydro energy Systems: electric equivalent circuits of fuel cells; mini and micro hydro; small hydro systems; Different types of hydro turbines; generators & their controls.
Electrical Engineering,EEP522,Power Electronics Lab,1.5,0-0-3,EEL621,NA,Simulate the power electronic circuits in Matlab/pscad/ltspice; Generate gate pulses using TL494/SG3525; Selection and identification of HW components; Design magnetics; Open loop hardware; Closed loop control; Realization in PCB (Eagle/Kicad/Diptrace).
Electrical Engineering,EEP523,Power System Lab,1.5,0-0-3,EEL622,NA,Including an HVDC Transmission Line for Power Flow Calculations in PowerWorld and Modeling of Thyristor Converters in PSCAD/EMTDC; Power Quality: To obtain the current harmonics drawn by power electronics interface; Voltage Regulation; To study the effect of real and reactive powers on bus voltages; Modeling of Thyristor Controlled Reactors (TCR); Modeling of Thyristor Controlled Series Capacitors (TCSC); To calculate transient stability in a 3-bus example power system; AGC using Simulink and Economic Dispatch using PowerWorld; Switching Over-Voltages and Modelling of Surge Arresters using PSCAD/EMTDC; Lightening and TOV Studies
Electrical Engineering,EEL601,Advanced Control Theory,3,3-0-0,None,EEL302 (30%),State Variable Modelling: linear vector space and State model – Invariance – Generalized Eigen Values and Eigen Vectors – Minimal realization of SISO; SIMO; MISO transfer function – State Transition Matrix – Controllability and Observability; Modern Control Design: State Feedback Controller – State Observer – Control Observer based controller design– Reduced order observer design– Internal stability of a system– Singular Value Decomposition (SVD) – Model decomposition and Decoupling by state feedback– Disturbance rejection; sensitivity; and complementary sensitivity functions; Digital Controller: Discretization (Impulse Invariance; Bilinear etc) – FIR and IIR Realization – DFT – Aliasing and Frequency Warping – Solution to Difference Equation – Z domain Transfer Function – State Transition Matrix – State Feedback Controller and State Observer in Discrete Domain – MATLAB Simulation; Nonlinear System: Fundamental Nonlinearity – Describing functions – Examples: Cart Pendulum etc. – Linearization; input-state linearization; input-output linearization – Jacobian – Phase plane analysis – Singular points characterization– Limit Cycles– Lyapunov Stability Criteria– Aizermans and Kalmans conjecture; Nonlinear Control: Lure Problem– Popov’s hyperstability theorem– Disturbance issues in nonlinear control– Concept of variable-structure controller and sliding mode control– Application: flight control; magnetic levitation and robotic manipulator.
Electrical Engineering,EEL602,Advanced Sensing Techniques,3,3-0-0,None,EEL208 (25%),Physical Sensors: Thermal Sensors – Motion Sensors – Force Sensors – Flow sensors – MEMS Sensors; Signal Conditioning Circuits: Bridges – Op amps – IA – Filters – FIR and IIR Filters; Chemical Sensors: Optical chemical sensor – biochemical sensor – enzyme sensor – Sensor array – Lab on chip/senor platform technology; Data Analysis: Statistical Parameters – Principal Component Analysis – Machine Learning Classifiers – Neural Network in designing Sensor Array; Sensors for Control Application: Robot Sensors Introduction – Vision sensors – Robotic Perception – Exteroceptive Sensors – Tactile Sensors – Interoceptive Sensors; Reconstruction: Feature extraction – State estimation – Kalman Filter – Multi Sensor Fusion – Environmental modelling.
Electrical Engineering,EEL603,Optimal Control,3,3-0-0,None,NA,Static Optimization: Introduction – Constraints and Classifications – Sylvester’s Criteria – Hessian Matrix – Unconstraint Optimizations – Steepest Descent Method – Conjugate Gradient Method – Constraint Optimizations – Lagrange Multipliers; KKT Conditions – Convex Optimizations – Linear Programming; Dynamic Optimization: Calculus of Variation – EL Equation – Two points / single point boundary value NL problem – Transversality Condition – Hamiltonian – MATLAB Simulation – Bolza Problem; Optimal Control: Finite time and Infinite time Linear Quadratic Regulator (LQR) – Hamiltonian System – Matrix Differential Riccati Equation (MDRE) – Algebraic Riccati Equation (ARE) – Gain scheduling; Model reference and Self-tuning control problem – Evolutionary methods – Genetic algorithms – MATLAB Toolbox; Robust Controller Design: Concept of close loop robustness and sensitivity analysis – Kharitonov theorem – uncertainty models and Quantitative Feedback Theory (QFT) for robust design – State estimation in noisy environment – Recursive least-squares filters – Optimal & Robust State Feedback Control – the separation principle – Linear Quadratic Gaussian – Halpha framework.
Electrical Engineering,EEL605,Digital Image Processing,3,3-0-0,None,NA,Fundamentals – Visual perception; image representation; image sampling and quantization; image interpolation; Intensity transformation – point operations and transformations for enhancement; histogram equalization; Spatial filtering – convolution; linear and order statistic filters; unsharp masking; image smoothing; specialized filters (Gaussian; Laplacian; etc.). Image Transforms and Transform domain processing – discrete Fourier transform; discrete cosine transform; Image restoration – using spatial filters; Weiner filter. Image Segmentation – edge detection; thresholding; binarization; regionbased segmentation. Morphological image processing – erosion and dilation; opening and closing; hitor-miss transform; thinning and shape decomposition. Image compression – fundamentals; lossless coding; predictive coding; transform coding.
Electrical Engineering,EEL621,Advanced Power Electronics,3,3-0-0,EEL303,NA,DC-DC converters: Analysis and detailed design of buck; boost; buck-boost; Continuous and discontinuous current modes of operation; Introduction to higher order converters: SEPIC; Cuk; Zeta converters; Isolated DC/DC converters: flyback; forward; Push-pull; full bridge.; Soft switching converters: resonant and Dual Active Bridge converter. Analysis and control of DC/DC converters: State space averaging; Linearization; small-signal modeling of dc-dc converters; Review of linear control theory; Voltage mode and current mode control design methods; AC-DC PWM rectifiers; Power quality issues; Boost and flyback converter-based power factor correction circuits; (PFC) Models; design; and control of PFC; Full bridge bi-directional PWM rectifiers; applications in front end of motor drives. DC-AC PWM inverters: Voltage source inverters - topology and PWM techniques; Models of single phase and three phase inverters and control methods; Applications in low frequency AC synthesis; Three-phase PWM techniques; High voltage converters and application; Multi level converters: Neutral point clamp; flying capacitor; Cascade H bridge; Modular MultiLevel converter: structure; control; issues; Miscellaneous topics in power electronics: Gate driver; Sensing and protection circuits; EMI issues and filter structure; Magnetics in power electronics.
Electrical Engineering,EEL622,Power Quality,3,3-0-0,EEL303,NA,Introduction to Power Quality: Review of Power quality; terms and definitions; Types of Power Quality Problems; International Standards of Power Quality; Root Causes of Power Quality Problems; power quality monitoring. Load Causes the Power Quality: Various types of nonlinear loads such as converter based nonlinear loads; Current fed type of nonlinear loads; and Voltage fed type of nonlinear loads; Effect of Power Quality Problems. Passive Filters for Mitigation of Power Quality Issue: Power quality mitigation techniques; Passive filters; shunt; series and hybrid configurations; Principal and operation of passive filters; Design and analysis of Passive filters; Resonance of passive filters with supply system and its mitigation. Shunt Active Filters for Mitigation of Power Quality Issue: Principle of operation and control of single-phase Shunt active power filters and single-phase DSTATCOM using DQ Theory; Principal of operation and control of three phase shunt active filters and DSTATCOM; SRF theory-based control; IRPT based control; and Unit Template based control and some adaptive control schemes. Series Active Filters for Mitigation of Power Quality Issue: Principle of operation and control of series active power filters; Control algorithm for Elimination of voltage harmonics; Control algorithm for Elimination of current harmonics; working principle and control of Unified Power Quality Compensator; Specific Power quality control schemes: for Induction motor drives; PMBLDC drives; PMSM drives and SyRM drives.
Mechatronics Engineering,MTL201,Fluid Power Systems,4,3-0-2,None,NA,Introduction: Types of power systems – Physical properties of fluids – Types of fluids and fluid power systems – Application of fluid power systems; Hydraulic systems: Pumps – Actuators – valves – circuits design and analysis – Ancillary hydraulic devices; Pneumatic systems: Compressors – Air preparation units – circuit design; Advanced systems: Servo-hydraulics – Electro-pneumatics – Digital systems; Lab-practise: computer simulation of hydraulic and pneumatic circuits – design development and deployment of pneumatic systems.
Mechatronics Engineering,MTL202,Industry 4.0,3,3-0-0,None,DSL250 (10%),Introduction: Sensing & actuation; Communication; Networking; Industry 4.0: Globalisation and Emerging Issues; The Fourth Revolution; LEAN Production Systems; Smart and Connected Business Perspective; Smart Factories; Basic principles and technologies of a Smart Factory: Internet of Things (IoT) & Industrial Internet of Things (IIoT); Big Data; Cyber-Physical Systems; Value chains in manufacturing companies; Customization of products; Digital Twins; Cloud Computing / Cloud Manufacturing; Industrial IoT: Big Data Analytics and Software Defined Networks; Machine Learning and Data Science; Data Management with Hadoop; Security in IIoT; Fog Computing; Industrial IoTApplication Domains: Factories and Assembly Line; Food Industry; Healthcare; Power Plants; Inventory Management & Quality Control; Plant Safety and Security (Including AR and VR safety applications); Facility Management; Oil; chemical and pharmaceutical industry; Applications of UAVs in Industries.
Mechatronics Engineering,MTL301,Fundamentals of Robotics,3,3-0-0,MEL334,EEL208 (10%) and EEL205 (10%),Introduction; transformations; DH Parameters; Forward and Inverse Kinematics; redundancy resolution; Velocity kinematics and Jacobian; Singular value decomposition; singularity; and manipulation ability; Trajectory planning; dynamics; Multi finger grasping – form; force closures; grasp matrix; Locomotion – active and passive walkers; concepts of balance; Biped Gait and Balance using ZMP; kinematics and dynamic modelling of walk. Design and Optimization of legged mechanisms; Sensors and actuators as used in robotics; Basics of linear control – PD; PID controller; model-based control; stability.
Mechatronics Engineering,MTP301,Mechanism Lab,1.5,0-0-3,None,NA,Rigid link mechanism: Analysis; synthesis and fabrication; Path planning for mechanism labs; Fabrication of robotic linkage; Evaluation material properties: Hardness; tensile strength; coefficient of friction etc; Actuation of mechanisms; Measurement of torque and forces in mechanism.
Mechatronics Engineering,MTP302,Mechatronics Lab,1.5,0-0-3,None,EEP307 (25%),Rigid link mechanism: Analysis; synthesis and fabrication; Path planning for mechanism labs; Fabrication of robotic linkage; Evaluation material properties: Hardness; tensile strength; coefficient of friction etc; Actuation of mechanisms; Measurement of torque and forces in mechanism.
Mechatronics Engineering,MTQ401,Minor Project,1.5,0-0-3,None,NA,Research and system development oriented projects based on problems of practical interest. Students are generally expected to work towards the goals set by the project supervisor. Evaluation would be done based on regular presentations; written reports; and demo of the system developed.
Mechatronics Engineering,MTL501,Fundamentals of Mechatronics,3,2-0-2,None,MEL333 (25%); EEL208 (25%); and MEL231 (25%),Basics of measurement and Instrumentation: Characteristics; calibration and Error Analysis; Electrical Measurements: (i) bridge circuits for measurements; (ii) wattmeter and energy meter (iii) dynamometers; potentiometers and instrument transformers; An introduction to sensors: (i) temperature sensors (ii) force and pressure sensors (iii) motion sensors and LVDT; (iv) flow sensors (v) Hall effect sensors. Signal conditioning circuit; design (bridge and filter circuits; instrument amplifier) and microcontroller based signal processing and display (using Arduino board); Forces and Moments transmitted by Slender Members: Axial force distribution - Shear force distribution - Bending moment distribution; Stress and Strain: Stress - Plane stress - Strain -Plane strain - Mohr's circle; Stress-Strain Relations: Tensile test - Elastic Stress-Strain relation - Stress concentration - Stress due to torsion Stress due to bending; Column buckling; Basics of Mechanisms: Kinematic pairs; diagrams; and inversion; Analysis of Mechanisms: Displacement; velocity; and acceleration - Analysis of planar linkages - Dynamic force analysis; Inertia forces; Basics of Dynamic components: Gears and gear trains - Cam - Flywheel -Gyroscope; Lab module: Material property testing [2]; Manufacturing methods [3]; Development of mechanisms.
Mechatronics Engineering,MTL602,Design and Analysis of Robotic System,3,3-0-0,None,MTL301 (25 %),Introduction to robotics- History; growth; Robot applications- Manufacturing industry; defense; rehabilitation; medical etc.; Laws of Robotics; Robot mechanisms; Kinematics- coordinate transformations; DH parameters; Forward kinematics; Inverse Kinematics; Jacobians; Statics; Trajectory Planning; Actuators: electrical; pneumatic; etc.; Sensors; sensor integration; Control – PWM; joint motion control; feedback control; Computed torque control; Perception; Localisation and mapping; Simultaneous Localization and Mapping; Probabilistic robotics; Path planning; Breadth-first &amp; Depth-first search; Dijkstra; A-star; D-star; Voronoi; Potential Field; Hybrid approaches; Introduction to Reinforcement Learning.
Mechatronics Engineering,MTL603,Digital Manufacturing,3,3-0-0,None,NA,Introduction to manufacturing techniques: casting; welding; forming; machining etc; Introduction to CAD/CAM: Computer graphics; CNC; CNC coding etc; Introduction to DM- History; development; applications; components; Theory System of Digital manufacturing Science: Operation reference mode and architecture of the digital manufacturing system; modelling theory and method of the digital manufacturing; the macro integrity theory of the digital manufacturing system and the meta theory constructing digital manufacturing; Manufacturing Informatics in Digital Manufacturing Science: The principle and properties of manufacturing information; the measurement and materialization of manufacturing information; self-assembling and the synthesis of manufacturing information and information security. Digital twin for smart manufacturing: Background; concept etc; Cyber-Physical Fusion in Digital twin Shop-Floor: Discussion on fusion of physical elements in physical shop-floor (PS); model fusion in virtual shop-floor (VS); data fusion in shop-floor digital twin data (SDTD); and fusion of services in shopfloor service systems (SSS). Digital Twin-Driven Prognostics and Health Management: How DT is use to emulate physical equipment thoroughly with high fidelity and how it can help digital continuous monitoring; Digital Twin and Virtual Reality and Augmented Reality/Mixed Reality: How to integrate VR; AR and MR with the DT will be discussed to provide more immersive and interactive services to users.
Mechatronics Engineering,MTL655,Automation in Production Systems,3,3-0-0,None,MEL655 (100%),Introduction to manufacturing; Manufacturing system concept. Production concept; Production/Product relationship and mathematical models; Principles of automation and strategies; Basic elements of an automated system; Advanced automation functions and levels of automation; Introduction to NC; CNC technology; DNC; Control systems in CNC system; CNC programming techniques: Word address format and Computer-assisted part programming; Introduction to Robotics; Group Technology and cellular manufacturing; Opitz System and GT benefits; Flexible manufacturing systems (FMS); Process planning and computer-assisted process planning; Automated materials handling and storage systems. 
